Dataset_Name,Rows,Features,Vanilla_OOM,ZS_ISAB_OOM,Vanilla_Acc,Vanilla_ROC,Vanilla_VRAM,Vanilla_Time,ZS_ISAB_Acc,ZS_ISAB_ROC,ZS_ISAB_VRAM,ZS_ISAB_Time
kr-vs-kp,3196,36,False,False,0.9953095684803002,0.9999224021473442,195.15771484375,0.40848517417907715,0.9380863039399625,0.9843217065884104,154.03369140625,0.13830113410949707
breast-w,699,9,False,False,0.9656652360515021,0.9944444444444446,17.63427734375,0.11390805244445801,0.9656652360515021,0.9944444444444446,17.63427734375,0.010413408279418945
credit-approval,690,15,False,False,0.8652173913043478,0.9279871569451877,17.31884765625,0.13268589973449707,0.8652173913043478,0.9279871569451877,17.31884765625,0.010576725006103516
credit-g,1000,20,False,False,0.7275449101796407,0.7567948717948717,29.3701171875,0.012421846389770508,0.7215568862275449,0.7217948717948718,52.61962890625,0.013151168823242188
diabetes,768,8,False,False,0.7734375,0.833467202141901,19.6396484375,0.010617494583129883,0.7734375,0.833467202141901,19.6396484375,0.01054239273071289
spambase,4601,57,False,False,0.9380704041720991,0.9823839728135648,356.69873046875,0.05995655059814453,0.9067796610169492,0.961689900274889,220.70458984375,0.03531002998352051
tic-tac-toe,958,9,False,False,0.921875,0.9766800293116082,26.9443359375,0.01159048080444336,0.653125,0.7859390490969439,50.5888671875,0.012294530868530273
electricity,45312,8,True,False,,,,,0.7805879237288136,0.8486276572280844,1103.9306640625,0.28191351890563965
sick,3772,29,False,False,0.9785373608903021,0.9820645061965977,248.87353515625,0.04390263557434082,0.9594594594594594,0.9565193485599921,182.43701171875,0.029761791229248047
pc4,1458,37,False,False,0.9259259259259259,0.9684436152899614,51.2548828125,0.11732029914855957,0.8847736625514403,0.8989004882308578,74.0390625,0.016666650772094727
pc3,1563,37,False,False,0.9078694817658349,0.8536929527495565,56.97900390625,0.019959211349487305,0.8982725527831094,0.8199887114981455,79.42578125,0.017257213592529297
