#,Model,Elo [⬆️],Elo 95% CI,Score [⬆️],Rank [⬇️],Harmonic Rank [⬇️],Improvability (%) [⬇️],Median Train Time (s/1K) [⬇️],Median Predict Time (s/1K) [⬇️],Verified,Imputed (%) [⬇️],Imputed,Hardware
0,TabFM (default),1945.0,+160/-78,0.789,5.39,2.31,6.494,55.17,4.052,✔️,0.0,False,GPU
1,TabFM+,1935.0,+204/-99,0.832,5.61,2.26,5.792,31.48,4.566,✔️,0.0,False,GPU
2,[New] TA-ZSTABFM (default),1867.0,+246/-110,0.768,7.44,2.58,7.335,544.39,19.403,✔️,0.0,False,GPU
3,"AutoGluon 1.6 (noncommercial, 4h)",1799.0,+152/-95,0.649,9.67,5.62,11.011,28.41,0.697,✔️,0.0,False,GPU
4,"AutoGluon 1.6 (extreme, 4h)",1781.0,+150/-96,0.635,10.33,4.48,11.648,23.08,0.636,✔️,0.0,False,GPU
5,EXAONE-Tabular (default),1699.0,+114/-86,0.598,13.92,7.93,12.21,11.6,0.521,✔️,0.0,False,GPU
6,TabPFN-3 (default),1686.0,+186/-88,0.554,14.58,9.19,11.794,13.04,0.513,✔️,0.0,False,GPU
7,TabICLv2 (default),1644.0,+124/-94,0.531,16.83,9.87,13.542,5.41,0.16,✔️,0.0,False,GPU
8,RealTabPFN-2.5 (default),1632.0,+99/-63,0.486,17.53,12.72,13.665,9.34,0.639,✔️,0.0,False,GPU
9,TabPFN-2.6 (default),1617.0,+138/-94,0.5,18.44,11.16,14.585,10.81,0.654,✔️,0.0,False,GPU
10,RealTabPFN-2.5 (tuned + ensembled),1612.0,+156/-116,0.512,18.75,7.22,11.408,2671.37,8.328,✔️,0.0,False,GPU
11,"AutoGluon 1.5 (extreme, 4h)",1605.0,+124/-102,0.474,19.17,12.99,13.993,208.15,3.12,✔️,0.0,False,GPU
12,RealTabPFN-2.5 (tuned),1571.0,+131/-86,0.444,21.36,13.98,14.91,2671.37,0.941,✔️,0.0,False,GPU
13,RealMLP (tuned + ensembled),1512.0,+82/-71,0.343,25.56,16.54,17.738,4918.07,39.993,✔️,0.0,False,GPU
14,TabDPT (tuned + ensembled),1506.0,+120/-86,0.368,26.06,17.44,16.433,10118.14,372.284,✔️,0.0,False,GPU
15,TabPFNv2 (tuned + ensembled),1494.0,+123/-72,0.344,26.97,19.08,16.947,3067.37,18.861,✔️,0.0,False,GPU
16,TabDPT (tuned),1485.0,+117/-94,0.349,27.72,19.87,16.984,10118.14,39.902,✔️,0.0,False,GPU
17,TabDPT-Turbo (default),1483.0,+105/-73,0.322,27.86,19.55,17.314,9.1,0.313,➖,0.0,False,GPU
18,Mitra (default),1477.0,+89/-65,0.297,28.36,21.48,18.149,117.15,2.646,✔️,0.0,False,GPU
19,"AutoGluon 1.4 (best, 4h)",1462.0,+74/-57,0.254,29.56,24.73,18.949,6165.84,1.627,✔️,0.0,False,CPU
20,TabDPT (default),1450.0,+148/-95,0.318,30.56,19.37,18.061,40.19,37.226,✔️,0.0,False,GPU
21,TabPFNv2 (default),1444.0,+109/-104,0.299,31.06,13.67,17.258,8.34,0.624,✔️,0.0,False,GPU
22,RealMLP (tuned),1431.0,+93/-80,0.299,32.14,19.39,18.69,4918.07,1.948,✔️,0.0,False,GPU
23,LimiX (default),1419.0,+114/-104,0.275,33.17,10.39,17.917,57.93,10.011,➖,0.0,False,GPU
24,TabSwift (default),1413.0,+99/-75,0.257,33.69,23.98,18.955,3.68,0.068,➖,0.0,False,GPU
25,TabM (tuned + ensembled),1409.0,+113/-90,0.267,34.06,23.81,19.558,3790.81,4.632,✔️,0.0,False,GPU
26,CatBoost (tuned),1406.0,+83/-78,0.22,34.31,16.46,19.362,3102.94,0.054,✔️,0.0,False,CPU
27,TabM (tuned),1401.0,+95/-90,0.244,34.78,23.28,19.687,3790.81,0.695,✔️,0.0,False,GPU
28,TabPFNv2 (tuned),1398.0,+82/-82,0.238,35.03,27.88,18.456,3067.37,0.467,✔️,0.0,False,GPU
29,CatBoost (tuned + ensembled),1382.0,+90/-88,0.175,36.44,28.21,20.134,3102.94,0.569,✔️,0.0,False,CPU
30,SAP-RPT-OSS (default),1375.0,+148/-144,0.311,37.03,14.48,22.273,25.49,0.931,➖,0.0,False,GPU
31,iLTM (tuned + ensembled),1366.0,+92/-69,0.187,37.83,27.86,21.008,42007.55,2279.618,✔️,0.0,False,GPU
32,RealMLP (default),1352.0,+106/-100,0.178,39.17,25.02,21.737,24.6,8.841,✔️,0.0,False,GPU
33,xRFM (tuned + ensembled),1349.0,+86/-76,0.158,39.39,33.94,20.897,2137.09,5.637,✔️,0.0,False,GPU
34,EBM (tuned + ensembled),1342.0,+98/-112,0.155,40.0,24.05,22.87,2558.52,0.145,✔️,0.0,False,CPU
35,LightGBM (tuned + ensembled),1338.0,+74/-54,0.088,40.39,35.26,22.232,1410.95,3.088,✔️,0.0,False,CPU
36,CatBoost (default),1328.0,+78/-70,0.105,41.31,33.06,23.246,10.85,0.054,✔️,0.0,False,CPU
37,xRFM (tuned),1323.0,+80/-84,0.135,41.83,35.2,20.818,2137.09,0.108,✔️,0.0,False,GPU
38,TabICL (default) [27.78% IMPUTED],1317.0,+115/-117,0.208,42.39,17.19,21.712,10.89,1.84,✔️,27.78,True,GPU
39,XGBoost (tuned + ensembled),1302.0,+71/-80,0.077,43.75,36.75,23.131,1628.31,2.345,✔️,0.0,False,CPU
40,iLTM (tuned),1299.0,+100/-77,0.131,44.03,34.08,22.086,42007.55,385.899,✔️,0.0,False,GPU
41,TabM (default),1296.0,+130/-105,0.15,44.31,24.49,22.87,14.01,0.55,✔️,0.0,False,GPU
42,XGBoost (tuned),1296.0,+86/-88,0.082,44.33,24.84,23.113,1628.31,0.426,✔️,0.0,False,CPU
43,EBM (default),1281.0,+116/-110,0.143,45.69,12.46,23.784,12.58,0.017,✔️,0.0,False,CPU
44,EBM (tuned),1276.0,+95/-129,0.112,46.11,26.34,24.274,2558.52,0.017,✔️,0.0,False,CPU
45,ChimeraBoost (tuned + ensembled),1271.0,+69/-77,0.063,46.64,42.29,24.721,2338.33,0.468,✔️,0.0,False,CPU
46,ModernNCA (default),1268.0,+84/-92,0.075,46.86,31.35,24.513,18.43,0.339,✔️,0.0,False,GPU
47,ModernNCA (tuned),1268.0,+79/-95,0.105,46.94,36.79,23.544,8262.68,0.541,✔️,0.0,False,GPU
48,BetaTabPFN (default) [27.78% IMPUTED],1260.0,+117/-118,0.137,47.67,30.03,25.379,317.51,3.332,➖,27.78,True,GPU
49,LightGBM (tuned),1259.0,+74/-61,0.041,47.69,43.63,23.925,1410.95,0.562,✔️,0.0,False,CPU
50,FastaiMLP (tuned + ensembled),1258.0,+90/-95,0.115,47.86,35.37,25.091,2721.87,11.806,✔️,0.0,False,CPU
51,TorchMLP (tuned + ensembled),1254.0,+61/-74,0.082,48.17,42.44,23.218,4725.58,2.426,✔️,0.0,False,CPU
52,ModernNCA (tuned + ensembled),1246.0,+107/-93,0.101,48.92,41.05,24.022,8262.68,8.545,✔️,0.0,False,GPU
53,ExtraTrees (tuned + ensembled),1241.0,+94/-77,0.072,49.36,41.65,24.993,1403.79,1.986,✔️,0.0,False,CPU
54,TorchMLP (tuned),1235.0,+95/-102,0.097,49.94,40.56,23.758,4725.58,0.155,✔️,0.0,False,CPU
55,TabSTAR (tuned + ensembled),1232.0,+153/-176,0.191,50.19,19.36,26.637,98573.41,37.16,✔️,0.0,False,GPU
56,TabSTAR (tuned),1226.0,+153/-174,0.187,50.78,17.71,26.498,98573.41,5.955,✔️,0.0,False,GPU
57,ChimeraBoost (tuned),1225.0,+79/-88,0.048,50.86,45.04,25.237,2338.33,0.043,✔️,0.0,False,CPU
58,ExtraTrees (tuned),1221.0,+87/-77,0.046,51.17,42.34,26.007,1403.79,0.348,✔️,0.0,False,CPU
59,Nori-30M (default) [72.22% IMPUTED],1212.0,+162/-130,0.196,52.0,21.69,26.359,0.87,0.164,✔️,72.22,True,GPU
60,Nori (default) [72.22% IMPUTED],1204.0,+158/-130,0.181,52.78,27.37,26.794,0.87,0.164,✔️,72.22,True,GPU
61,ChimeraBoost (default),1197.0,+82/-90,0.056,53.33,45.02,26.524,12.26,0.055,✔️,0.0,False,CPU
62,FastaiMLP (tuned),1183.0,+113/-116,0.088,54.61,36.98,26.691,2721.87,1.061,✔️,0.0,False,CPU
63,PerpetualBooster (tuned + ensembled),1167.0,+115/-116,0.081,56.0,44.24,31.114,282.83,0.619,✔️,0.0,False,CPU
64,OrionMSP (default) [27.78% IMPUTED],1158.0,+71/-110,0.038,56.81,50.87,27.29,16.42,2.016,➖,27.78,True,GPU
65,TabFlex (default) [27.78% IMPUTED],1153.0,+101/-126,0.07,57.17,46.36,28.467,3.52,0.723,➖,27.78,True,GPU
66,RandomForest (tuned + ensembled),1146.0,+112/-109,0.055,57.83,47.9,27.525,729.27,1.999,✔️,0.0,False,CPU
67,TabSTAR (default),1120.0,+160/-203,0.139,59.94,12.69,31.351,451.73,6.314,✔️,0.0,False,GPU
68,xRFM (default),1116.0,+105/-134,0.081,60.28,47.89,28.854,9.51,1.755,✔️,0.0,False,GPU
69,RandomForest (tuned),1115.0,+98/-102,0.035,60.33,53.03,27.935,729.27,0.247,✔️,0.0,False,CPU
70,PerpetualBooster (tuned),1110.0,+103/-107,0.036,60.75,55.28,32.296,282.83,0.168,✔️,0.0,False,CPU
71,TorchMLP (default),1104.0,+80/-110,0.03,61.28,52.73,27.824,18.79,0.188,✔️,0.0,False,CPU
72,PerpetualBooster (default),1084.0,+111/-162,0.067,62.81,29.24,34.681,38.53,0.041,✔️,0.0,False,CPU
73,XGBoost (default),1078.0,+65/-84,0.0,63.28,60.83,28.229,4.63,0.339,✔️,0.0,False,CPU
74,ExtraTrees (default),1069.0,+91/-103,0.008,63.94,59.63,30.035,8.58,1.103,✔️,0.0,False,CPU
75,iLTM (default),1047.0,+128/-143,0.037,65.5,35.6,30.441,793.68,298.862,✔️,0.0,False,GPU
76,LightGBM (default),1042.0,+48/-63,0.0,65.89,64.23,28.591,5.49,0.092,✔️,0.0,False,CPU
77,FastaiMLP (default),1021.0,+104/-126,0.03,67.28,61.89,31.87,8.38,0.777,✔️,0.0,False,CPU
78,Linear (tuned + ensembled),1018.0,+112/-187,0.049,67.53,24.24,34.267,909.8,0.652,✔️,0.0,False,CPU
79,KNN (tuned + ensembled),1010.0,+84/-106,0.011,68.0,64.61,31.303,108.13,0.709,✔️,0.0,False,CPU
80,RandomForest (default),1000.0,+73/-95,0.0,68.67,66.94,31.677,0.72,0.145,✔️,0.0,False,CPU
81,Linear (tuned),993.0,+117/-188,0.041,69.11,31.55,34.846,909.8,0.127,✔️,0.0,False,CPU
82,Linear (default),927.0,+127/-221,0.014,72.83,66.34,37.8,5.06,0.145,✔️,0.0,False,CPU
83,KNN (tuned),805.0,+87/-170,0.0,77.94,77.08,37.624,108.13,0.058,✔️,0.0,False,CPU
84,KNN (default),641.0,+113/-194,0.0,82.17,81.88,47.465,0.51,0.038,✔️,0.0,False,CPU
