dataset,seed,N,det_check,mode,M,t,acc,logloss,fid,maxdiff,sec,touched
adult,0,3000,0.0,vanilla,0,0,0.838,0.3131904304027557,0.0,0.0,0.0,3000
adult,0,3000,0.0,exact,0,0,0.838,0.3131904900074005,4.442863144049625e-07,3.3974647521972656e-06,1.62,3000
adult,0,3000,0.0,isab_random,32,4,0.824,0.4517788589000702,0.0938602685928344,0.7786896228790283,0.79,32
adult,0,3000,0.0,isab_kmeans,32,4,0.846,0.3745721876621246,0.0598328188061714,0.6105016469955444,0.87,32
adult,0,3000,0.0,bh,32,4,0.854,0.3329932391643524,0.0372845903038978,0.3453066945075989,2.21,407
adult,0,3000,0.0,isab_random,64,4,0.822,0.4052411615848541,0.0872538089752197,0.5670753717422485,0.79,64
adult,0,3000,0.0,isab_kmeans,64,4,0.84,0.3593364357948303,0.0505243428051471,0.5638561248779297,0.86,64
adult,0,3000,0.0,bh,64,4,0.84,0.3268333077430725,0.0382700450718402,0.3266398310661316,2.14,252
adult,0,3000,0.0,isab_random,128,4,0.848,0.3561641275882721,0.071045272052288,0.5190963745117188,0.83,128
adult,0,3000,0.0,isab_kmeans,128,4,0.838,0.3423180878162384,0.0538398884236812,0.4372026622295379,0.9,128
adult,0,3000,0.0,bh,128,4,0.852,0.3240243196487427,0.0369208008050918,0.3392670154571533,2.19,222
adult,0,3000,0.0,bh,64,8,0.846,0.3153598010540008,0.0257968455553054,0.1874527037143707,2.15,439
adult,1,3000,0.0,vanilla,0,0,0.858,0.3450496196746826,0.0,0.0,0.0,3000
adult,1,3000,0.0,exact,0,0,0.858,0.345049649477005,3.936445409635781e-07,3.248453140258789e-06,1.62,3000
adult,1,3000,0.0,isab_random,32,4,0.814,0.4716362357139587,0.0961034744977951,0.8996061682701111,0.76,32
adult,1,3000,0.0,isab_kmeans,32,4,0.832,0.3812184929847717,0.0558109544217586,0.6410561800003052,0.78,32
adult,1,3000,0.0,bh,32,4,0.846,0.3539609909057617,0.0370330438017845,0.2863307595252991,2.05,407
adult,1,3000,0.0,isab_random,64,4,0.81,0.4246138632297516,0.1029929518699646,0.6742255687713623,0.74,64
adult,1,3000,0.0,isab_kmeans,64,4,0.832,0.3761503994464874,0.0620032809674739,0.4940133690834045,0.84,64
adult,1,3000,0.0,bh,64,4,0.846,0.3924292027950287,0.0442811660468578,0.3518411517143249,2.07,252
adult,1,3000,0.0,isab_random,128,4,0.818,0.4309276044368744,0.0807530507445335,0.5958883166313171,0.78,128
adult,1,3000,0.0,isab_kmeans,128,4,0.844,0.3589184582233429,0.0458204448223114,0.4001885056495666,0.85,128
adult,1,3000,0.0,bh,128,4,0.84,0.3642995953559875,0.044881198555231,0.4168560802936554,2.19,222
adult,1,3000,0.0,bh,64,8,0.846,0.3522738814353943,0.0304234046489,0.2435367107391357,2.12,439
bank-marketing,0,3000,0.0,vanilla,0,0,0.894,0.2256349027156829,0.0,0.0,0.0,3000
bank-marketing,0,3000,0.0,exact,0,0,0.894,0.2256347984075546,2.278774644537407e-07,2.562999725341797e-06,1.6,3000
bank-marketing,0,3000,0.0,isab_random,32,4,0.888,0.2686915397644043,0.05119564011693,0.4194676876068115,0.72,32
bank-marketing,0,3000,0.0,isab_kmeans,32,4,0.89,0.3000846803188324,0.0629683062434196,0.4386764764785766,0.78,32
bank-marketing,0,3000,0.0,bh,32,4,0.888,0.2213276326656341,0.0181510187685489,0.1598358154296875,2.05,407
bank-marketing,0,3000,0.0,isab_random,64,4,0.89,0.2536740005016327,0.038749948143959,0.3379240036010742,0.74,64
bank-marketing,0,3000,0.0,isab_kmeans,64,4,0.888,0.2815749049186706,0.0557021088898181,0.388204425573349,0.8,64
bank-marketing,0,3000,0.0,bh,64,4,0.9,0.2184596210718155,0.0229409709572792,0.1917051672935485,2.09,252
bank-marketing,0,3000,0.0,isab_random,128,4,0.89,0.2735196053981781,0.0600365437567234,0.383579820394516,0.74,128
bank-marketing,0,3000,0.0,isab_kmeans,128,4,0.89,0.25564706325531,0.0462363809347152,0.3335717916488647,0.83,128
bank-marketing,0,3000,0.0,bh,128,4,0.904,0.2103104293346405,0.0264634098857641,0.3214492201805115,2.14,222
bank-marketing,0,3000,0.0,bh,64,8,0.896,0.2134565412998199,0.0185994375497102,0.2268163561820984,2.1,439
bank-marketing,1,3000,0.0,vanilla,0,0,0.874,0.2751660048961639,0.0,0.0,0.0,3000
bank-marketing,1,3000,0.0,exact,0,0,0.874,0.2751660048961639,2.7445886985333345e-07,2.3543834686279297e-06,1.56,3000
bank-marketing,1,3000,0.0,isab_random,32,4,0.862,0.4111905097961426,0.0797625109553337,0.5977387428283691,0.72,32
bank-marketing,1,3000,0.0,isab_kmeans,32,4,0.862,0.3534207940101623,0.0586830489337444,0.4498191773891449,0.78,32
bank-marketing,1,3000,0.0,bh,32,4,0.898,0.2752494812011719,0.033807523548603,0.3767330646514892,2.09,407
bank-marketing,1,3000,0.0,isab_random,64,4,0.864,0.3361203968524933,0.0580202303826808,0.5666263103485107,0.72,64
bank-marketing,1,3000,0.0,isab_kmeans,64,4,0.86,0.3317499160766601,0.0491776876151561,0.3652695715427398,0.84,64
bank-marketing,1,3000,0.0,bh,64,4,0.888,0.2871516644954681,0.0275678783655166,0.3198232650756836,2.22,252
bank-marketing,1,3000,0.0,isab_random,128,4,0.858,0.337226003408432,0.0533180013298988,0.4971747994422912,0.77,128
bank-marketing,1,3000,0.0,isab_kmeans,128,4,0.862,0.339289128780365,0.0518183298408985,0.3939566910266876,0.87,128
bank-marketing,1,3000,0.0,bh,128,4,0.896,0.280327171087265,0.0487486198544502,0.4831194281578064,2.2,222
bank-marketing,1,3000,0.0,bh,64,8,0.882,0.2748979926109314,0.0228855740278959,0.2906370759010315,2.1,439
electricity,0,3000,0.0,vanilla,0,0,0.816,0.4065007865428924,0.0,0.0,0.0,3000
electricity,0,3000,0.0,exact,0,0,0.816,0.4065006971359253,5.91872492350376e-07,6.377696990966797e-06,1.44,3000
electricity,0,3000,0.0,isab_random,32,4,0.78,0.6133118867874146,0.1497103571891784,0.5382435321807861,0.59,32
electricity,0,3000,0.0,isab_kmeans,32,4,0.794,0.4865569472312927,0.0875279530882835,0.4397479891777038,0.67,32
electricity,0,3000,0.0,bh,32,4,0.812,0.4160460233688354,0.0496366396546363,0.2452645301818847,1.94,407
electricity,0,3000,0.0,isab_random,64,4,0.788,0.5151925086975098,0.1103542447090148,0.4611210525035858,0.59,64
electricity,0,3000,0.0,isab_kmeans,64,4,0.806,0.4626904428005218,0.0764882192015647,0.3566536903381347,0.68,64
electricity,0,3000,0.0,bh,64,4,0.81,0.4083705544471741,0.0565078109502792,0.4647085964679718,1.94,252
electricity,0,3000,0.0,isab_random,128,4,0.796,0.4627359211444855,0.0874215215444564,0.4418355822563171,0.61,128
electricity,0,3000,0.0,isab_kmeans,128,4,0.814,0.4430423080921173,0.0677964314818382,0.3204191327095032,0.7,128
electricity,0,3000,0.0,bh,128,4,0.83,0.4109977483749389,0.0615530461072921,0.3914269208908081,2.02,222
electricity,0,3000,0.0,bh,64,8,0.824,0.4138764142990112,0.0302599184215068,0.2295151352882385,1.96,439
electricity,1,3000,0.0,vanilla,0,0,0.76,0.4540848433971405,0.0,0.0,0.0,3000
electricity,1,3000,0.0,exact,0,0,0.76,0.4540849030017853,6.455123866544454e-07,3.75509262084961e-06,1.47,3000
electricity,1,3000,0.0,isab_random,32,4,0.734,0.6192281246185303,0.1330702900886535,0.6943070292472839,0.61,32
electricity,1,3000,0.0,isab_kmeans,32,4,0.736,0.610938310623169,0.1057158485054969,0.5143885612487793,0.67,32
electricity,1,3000,0.0,bh,32,4,0.762,0.4782675206661224,0.059342298656702,0.2358876466751098,1.95,407
electricity,1,3000,0.0,isab_random,64,4,0.734,0.5648593902587891,0.1052723303437233,0.5139123201370239,0.62,64
electricity,1,3000,0.0,isab_kmeans,64,4,0.754,0.5308136940002441,0.0803214386105537,0.3994528949260711,0.68,64
electricity,1,3000,0.0,bh,64,4,0.772,0.4744164943695068,0.0622887350618839,0.3724400997161865,1.97,252
electricity,1,3000,0.0,isab_random,128,4,0.718,0.6120079755783081,0.1152648329734802,0.5162920951843262,0.64,128
electricity,1,3000,0.0,isab_kmeans,128,4,0.744,0.5528666377067566,0.0877782851457595,0.5065988302230835,0.72,128
electricity,1,3000,0.0,bh,128,4,0.776,0.470905989408493,0.0534471794962883,0.300026386976242,2.04,222
electricity,1,3000,0.0,bh,64,8,0.764,0.4702261984348297,0.0355967916548252,0.2284885942935943,1.99,439
MagicTelescope,0,3000,0.0,vanilla,0,0,0.89,0.3085844218730926,0.0,0.0,0.0,3000
MagicTelescope,0,3000,0.0,exact,0,0,0.89,0.3085843622684479,4.0875750073610106e-07,4.4405460357666016e-06,1.52,3000
MagicTelescope,0,3000,0.0,isab_random,32,4,0.818,0.4458292424678802,0.1137978583574295,0.8497942686080933,0.72,32
MagicTelescope,0,3000,0.0,isab_kmeans,32,4,0.83,0.4213198125362396,0.1049177274107933,0.6640478372573853,0.9,32
MagicTelescope,0,3000,0.0,bh,32,4,0.882,0.3270204365253448,0.0446024499833583,0.4198820292949676,2.05,407
MagicTelescope,0,3000,0.0,isab_random,64,4,0.834,0.4283018708229065,0.10080236941576,0.7717757821083069,0.62,64
MagicTelescope,0,3000,0.0,isab_kmeans,64,4,0.828,0.4221469163894653,0.1063951551914215,0.6549783945083618,0.69,64
MagicTelescope,0,3000,0.0,bh,64,4,0.878,0.3147420585155487,0.0482289902865886,0.4211168587207794,2.03,252
MagicTelescope,0,3000,0.0,isab_random,128,4,0.834,0.3954212069511413,0.098496563732624,0.6737970113754272,0.63,128
MagicTelescope,0,3000,0.0,isab_kmeans,128,4,0.83,0.4152663648128509,0.106557160615921,0.6449931859970093,0.72,128
MagicTelescope,0,3000,0.0,bh,128,4,0.888,0.3131615221500397,0.0419651791453361,0.3209942579269409,2.05,222
MagicTelescope,0,3000,0.0,bh,64,8,0.888,0.3159689605236053,0.0332941375672817,0.2933763265609741,2.07,439
MagicTelescope,1,3000,0.0,vanilla,0,0,0.87,0.3004400134086609,0.0,0.0,0.0,3000
MagicTelescope,1,3000,0.0,exact,0,0,0.87,0.3004399836063385,4.229838452829426e-07,3.75509262084961e-06,1.47,3000
MagicTelescope,1,3000,0.0,isab_random,32,4,0.836,0.4763757586479187,0.1286888569593429,0.8872048258781433,0.61,32
MagicTelescope,1,3000,0.0,isab_kmeans,32,4,0.796,0.4441404342651367,0.1337526142597198,0.832353949546814,0.66,32
MagicTelescope,1,3000,0.0,bh,32,4,0.862,0.3474259674549103,0.0546019971370697,0.405758649110794,1.95,407
MagicTelescope,1,3000,0.0,isab_random,64,4,0.828,0.4418615102767944,0.1143056377768516,0.8593283891677856,0.61,64
MagicTelescope,1,3000,0.0,isab_kmeans,64,4,0.824,0.4220969378948211,0.1201141104102134,0.7924278378486633,0.7,64
MagicTelescope,1,3000,0.0,bh,64,4,0.862,0.32765594124794,0.048393502831459,0.3673674166202545,2.07,252
MagicTelescope,1,3000,0.0,isab_random,128,4,0.836,0.3918486535549164,0.1030863374471664,0.707613468170166,0.66,128
MagicTelescope,1,3000,0.0,isab_kmeans,128,4,0.82,0.4116416871547699,0.1176782995462417,0.707552433013916,0.71,128
MagicTelescope,1,3000,0.0,bh,128,4,0.868,0.3243372738361358,0.0418966077268123,0.3667639791965484,2.04,222
MagicTelescope,1,3000,0.0,bh,64,8,0.864,0.3070774674415588,0.0330562591552734,0.3276194632053375,2.02,439
pendigits,0,3000,0.0,vanilla,0,0,0.99,0.0507274568080902,0.0,0.0,0.0,3000
pendigits,0,3000,0.0,exact,0,0,0.99,0.0507274381816387,8.684567731620518e-09,2.086162567138672e-06,1.58,3000
pendigits,0,3000,0.0,isab_random,32,4,0.818,0.5649815797805786,0.049278300255537,0.99139404296875,0.71,32
pendigits,0,3000,0.0,isab_kmeans,32,4,0.9,0.3295590281486511,0.0330795049667358,0.9829538464546204,0.78,32
pendigits,0,3000,0.0,bh,32,4,0.986,0.0573815256357193,0.0018406054005026,0.7098507881164551,2.06,407
pendigits,0,3000,0.0,isab_random,64,4,0.906,0.3050540685653686,0.0315167978405952,0.9826288819313048,0.73,64
pendigits,0,3000,0.0,isab_kmeans,64,4,0.91,0.2827023863792419,0.0319568701088428,0.9515662789344788,0.79,64
pendigits,0,3000,0.0,bh,64,4,0.984,0.0597963258624076,0.001616810564883,0.4223376214504242,2.08,252
pendigits,0,3000,0.0,isab_random,128,4,0.932,0.2506446540355682,0.0257182773202657,0.9772526621818542,0.76,128
pendigits,0,3000,0.0,isab_kmeans,128,4,0.932,0.2289282232522964,0.0250888913869857,0.934463381767273,0.83,128
pendigits,0,3000,0.0,bh,128,4,0.986,0.0578579902648925,0.0013595476048067,0.2941583693027496,2.15,222
pendigits,0,3000,0.0,bh,64,8,0.99,0.0521726161241531,0.0010368438670411,0.218017578125,2.11,439
pendigits,1,3000,0.0,vanilla,0,0,0.994,0.0345982015132904,0.0,0.0,0.0,3000
pendigits,1,3000,0.0,exact,0,0,0.994,0.0345982015132904,6.178858313887758e-09,1.3113021850585938e-06,1.76,3000
pendigits,1,3000,0.0,isab_random,32,4,0.878,0.4447775185108185,0.0437479391694068,0.9967828989028932,0.69,32
pendigits,1,3000,0.0,isab_kmeans,32,4,0.93,0.2790766656398773,0.031854048371315,0.9679310917854308,0.75,32
pendigits,1,3000,0.0,bh,32,4,0.988,0.0400429628789424,0.0020296520087867,0.5174658894538879,2.1,407
pendigits,1,3000,0.0,isab_random,64,4,0.9,0.3181641399860382,0.0326097607612609,0.9828011393547058,0.91,64
pendigits,1,3000,0.0,isab_kmeans,64,4,0.924,0.2456957995891571,0.0286450982093811,0.8934218883514404,0.78,64
pendigits,1,3000,0.0,bh,64,4,0.988,0.0433507859706878,0.0014118705876171,0.2791313529014587,2.07,252
pendigits,1,3000,0.0,isab_random,128,4,0.938,0.2423123866319656,0.0281453374773263,0.8794956207275391,0.74,128
pendigits,1,3000,0.0,isab_kmeans,128,4,0.944,0.2253891378641128,0.0273026432842016,0.8787585496902466,1.08,128
pendigits,1,3000,0.0,bh,128,4,0.99,0.0385360233485698,0.0009893159149214,0.2360437214374542,2.21,222
pendigits,1,3000,0.0,bh,64,8,0.992,0.0377553477883338,0.0007866140222176,0.137006402015686,2.08,439
phoneme,0,3000,0.0,vanilla,0,0,0.886,0.2560750544071197,0.0,0.0,0.0,3000
phoneme,0,3000,0.0,exact,0,0,0.886,0.256074994802475,3.389159815014864e-07,2.80141830444336e-06,1.39,3000
phoneme,0,3000,0.0,isab_random,32,4,0.744,0.6197696924209595,0.1772457212209701,0.9540942907333374,0.51,32
phoneme,0,3000,0.0,isab_kmeans,32,4,0.77,0.451097160577774,0.1429095715284347,0.7499703168869019,0.59,32
phoneme,0,3000,0.0,bh,32,4,0.892,0.2693382799625397,0.0388028882443904,0.3279057145118713,1.88,407
phoneme,0,3000,0.0,isab_random,64,4,0.76,0.4424269497394562,0.1338487565517425,0.8176583647727966,0.52,64
phoneme,0,3000,0.0,isab_kmeans,64,4,0.8,0.3833261132240295,0.1082992106676101,0.7475029826164246,0.6,64
phoneme,0,3000,0.0,bh,64,4,0.882,0.2859934270381927,0.0537382513284683,0.3706086575984955,1.89,252
phoneme,0,3000,0.0,isab_random,128,4,0.812,0.3775932490825653,0.1124898269772529,0.6877037286758423,0.57,128
phoneme,0,3000,0.0,isab_kmeans,128,4,0.828,0.3585075736045837,0.1000153645873069,0.709528923034668,0.73,128
phoneme,0,3000,0.0,bh,128,4,0.896,0.2638923823833465,0.0422476343810558,0.3450104594230652,1.98,222
phoneme,0,3000,0.0,bh,64,8,0.886,0.268239676952362,0.0324037484824657,0.3011345267295837,1.89,439
phoneme,1,3000,0.0,vanilla,0,0,0.852,0.3078395128250122,0.0,0.0,0.0,3000
phoneme,1,3000,0.0,exact,0,0,0.852,0.3078394830226898,3.734763538432162e-07,3.725290298461914e-06,1.4,3000
phoneme,1,3000,0.0,isab_random,32,4,0.762,0.4636972844600677,0.1446373760700225,0.7744985222816467,0.54,32
phoneme,1,3000,0.0,isab_kmeans,32,4,0.796,0.3975757956504822,0.1148076951503753,0.687039852142334,0.63,32
phoneme,1,3000,0.0,bh,32,4,0.848,0.3371624052524566,0.0458711683750152,0.4721986353397369,1.9,407
phoneme,1,3000,0.0,isab_random,64,4,0.81,0.4212848842144012,0.1383190006017685,0.7645466923713684,0.56,64
phoneme,1,3000,0.0,isab_kmeans,64,4,0.812,0.399284154176712,0.111134797334671,0.6775924563407898,0.63,64
phoneme,1,3000,0.0,bh,64,4,0.842,0.3293587863445282,0.0422794558107852,0.4640979170799255,1.91,252
phoneme,1,3000,0.0,isab_random,128,4,0.808,0.3772007524967193,0.109116718173027,0.6690797209739685,0.56,128
phoneme,1,3000,0.0,isab_kmeans,128,4,0.816,0.374907523393631,0.0986848622560501,0.5894749164581299,0.67,128
phoneme,1,3000,0.0,bh,128,4,0.866,0.3197464346885681,0.0373873151838779,0.3643592894077301,2.07,222
phoneme,1,3000,0.0,bh,64,8,0.866,0.3158363699913025,0.0283816214650869,0.2444974929094314,1.92,439
spambase,0,3000,0.0,vanilla,0,0,0.946,0.1394577622413635,0.0,0.0,0.0,3000
spambase,0,3000,0.0,exact,0,0,0.946,0.139457881450653,4.031961395867256e-07,6.020069122314453e-06,3.16,3000
spambase,0,3000,0.0,isab_random,32,4,0.908,0.2574065625667572,0.0799811705946922,0.906319260597229,2.2,32
spambase,0,3000,0.0,isab_kmeans,32,4,0.91,0.2643232941627502,0.1107600554823875,0.8894327878952026,2.43,32
spambase,0,3000,0.0,bh,32,4,0.938,0.1490330845117569,0.0174763109534978,0.3214649558067322,3.55,407
spambase,0,3000,0.0,isab_random,64,4,0.918,0.2150892913341522,0.0828094482421875,0.7728018164634705,2.33,64
spambase,0,3000,0.0,isab_kmeans,64,4,0.914,0.2388059645891189,0.0948424115777015,0.7972754240036011,2.22,64
spambase,0,3000,0.0,bh,64,4,0.934,0.1601844877004623,0.0245233960449695,0.4331308603286743,3.61,252
spambase,0,3000,0.0,isab_random,128,4,0.922,0.2173417657613754,0.0810664445161819,0.6846949458122253,2.69,128
spambase,0,3000,0.0,isab_kmeans,128,4,0.926,0.2183153629302978,0.0855188816785812,0.7102422714233398,2.17,128
spambase,0,3000,0.0,bh,128,4,0.942,0.1540753990411758,0.0146781159564852,0.2184743285179138,4.39,222
spambase,0,3000,0.0,bh,64,8,0.942,0.1451528221368789,0.0133485747501254,0.2283900380134582,3.64,439
spambase,1,3000,0.0,vanilla,0,0,0.964,0.08934945613145828,0.0,0.0,0.0,3000
spambase,1,3000,0.0,exact,0,0,0.964,0.08934944123029709,3.587613832678471e-07,8.58306884765625e-06,3.01,3000
spambase,1,3000,0.0,isab_random,32,4,0.944,0.19351448118686676,0.06091224029660225,0.8875257968902588,2.25,32
spambase,1,3000,0.0,isab_kmeans,32,4,0.94,0.2072557508945465,0.08538457006216049,0.8451720476150513,2.25,32
spambase,1,3000,0.0,bh,32,4,0.962,0.10512075573205948,0.016314681619405746,0.3835449516773224,3.71,407
spambase,1,3000,0.0,isab_random,64,4,0.928,0.2044658660888672,0.09510497748851776,0.8320623636245728,2.09,64
spambase,1,3000,0.0,isab_kmeans,64,4,0.94,0.1881476193666458,0.07572964578866959,0.7122479677200317,2.07,64
spambase,1,3000,0.0,bh,64,4,0.96,0.0962507575750351,0.015440382063388824,0.38942593336105347,4.24,252
spambase,1,3000,0.0,isab_random,128,4,0.942,0.16445647180080414,0.06371890753507614,0.7464147210121155,2.11,128
spambase,1,3000,0.0,isab_kmeans,128,4,0.928,0.20148669183254242,0.07951640337705612,0.7873520255088806,2.14,128
spambase,1,3000,0.0,bh,128,4,0.962,0.09834899753332138,0.013039732351899147,0.24764767289161682,3.7,222
spambase,1,3000,0.0,bh,64,8,0.966,0.09243994206190109,0.010932667180895805,0.1727878451347351,3.41,439
satimage,0,3000,0.0,vanilla,0,0,0.906,0.26032379269599915,0.0,0.0,0.0,3000
satimage,0,3000,0.0,exact,0,0,0.906,0.26032379269599915,5.7905349848397236e-08,2.2649765014648438e-06,1.8,3000
satimage,0,3000,0.0,isab_random,32,4,0.828,0.5496098399162292,0.04905461519956589,0.9026575088500977,0.93,32
satimage,0,3000,0.0,isab_kmeans,32,4,0.836,0.49953222274780273,0.05047564208507538,0.8726019859313965,0.99,32
satimage,0,3000,0.0,bh,32,4,0.908,0.30082497000694275,0.012438895180821419,0.5650678873062134,2.35,407
satimage,0,3000,0.0,isab_random,64,4,0.864,0.5373116135597229,0.04354849085211754,0.9566017389297485,0.95,64
satimage,0,3000,0.0,isab_kmeans,64,4,0.842,0.4853309094905853,0.04444076493382454,0.9090160131454468,1.05,64
satimage,0,3000,0.0,bh,64,4,0.912,0.294193834066391,0.011874972842633724,0.443526029586792,2.33,252
satimage,0,3000,0.0,isab_random,128,4,0.852,0.4960970878601074,0.043786413967609406,0.8858401775360107,0.95,128
satimage,0,3000,0.0,isab_kmeans,128,4,0.842,0.4805552363395691,0.04351359233260155,0.9010897874832153,1.05,128
satimage,0,3000,0.0,bh,128,4,0.906,0.2947879731655121,0.009388614445924759,0.42374229431152344,2.41,222
satimage,0,3000,0.0,bh,64,8,0.912,0.27302345633506775,0.007267453707754612,0.36037376523017883,2.34,439
satimage,1,3000,0.0,vanilla,0,0,0.916,0.28365713357925415,0.0,0.0,0.0,3000
satimage,1,3000,0.0,exact,0,0,0.916,0.28365710377693176,4.858853586142686e-08,2.1457672119140625e-06,1.98,3000
satimage,1,3000,0.0,isab_random,32,4,0.79,0.671444833278656,0.06195555627346039,0.940364420413971,0.95,32
satimage,1,3000,0.0,isab_kmeans,32,4,0.858,0.4533771276473999,0.03775424510240555,0.7634333968162537,1.06,32
satimage,1,3000,0.0,bh,32,4,0.9,0.3460981547832489,0.01077201496809721,0.4771336019039154,2.65,407
satimage,1,3000,0.0,isab_random,64,4,0.844,0.5232906937599182,0.03849514201283455,0.8665149807929993,0.95,64
satimage,1,3000,0.0,isab_kmeans,64,4,0.854,0.4644225835800171,0.041228726506233215,0.8228321075439453,1.04,64
satimage,1,3000,0.0,bh,64,4,0.902,0.31772398948669434,0.008737060241401196,0.47174832224845886,2.4,252
satimage,1,3000,0.0,isab_random,128,4,0.846,0.5140442848205566,0.04069655016064644,0.7769014835357666,0.97,128
satimage,1,3000,0.0,isab_kmeans,128,4,0.866,0.45163941383361816,0.038863640278577805,0.7770274877548218,1.04,128
satimage,1,3000,0.0,bh,128,4,0.904,0.31451505422592163,0.008814340457320213,0.3674169182777405,2.44,222
satimage,1,3000,0.0,bh,64,8,0.91,0.3076178729534149,0.006198338232934475,0.2938840687274933,2.33,439
jm1,0,3000,0.0,vanilla,0,0,0.816,0.4532736837863922,0.0,0.0,0.0,3000
jm1,0,3000,0.0,exact,0,0,0.816,0.4532736837863922,1.789107955119107e-07,1.6689300537109375e-06,1.7,3000
jm1,0,3000,0.0,isab_random,32,4,0.808,0.5611212253570557,0.06703948229551315,0.37212392687797546,0.83,32
jm1,0,3000,0.0,isab_kmeans,32,4,0.81,0.4997521936893463,0.042964376509189606,0.27483999729156494,0.94,32
jm1,0,3000,0.0,bh,32,4,0.818,0.45033082365989685,0.036424923688173294,0.22791066765785217,2.19,407
jm1,0,3000,0.0,isab_random,64,4,0.818,0.4961499571800232,0.04358218237757683,0.2805848717689514,0.85,64
jm1,0,3000,0.0,isab_kmeans,64,4,0.816,0.49128320813179016,0.034994371235370636,0.24126730859279633,0.93,64
jm1,0,3000,0.0,bh,64,4,0.826,0.45155054330825806,0.028356265276670456,0.21198540925979614,2.2,252
jm1,0,3000,0.0,isab_random,128,4,0.824,0.4908526539802551,0.03357824683189392,0.21181076765060425,0.87,128
jm1,0,3000,0.0,isab_kmeans,128,4,0.814,0.48302167654037476,0.03158743679523468,0.20661133527755737,0.94,128
jm1,0,3000,0.0,bh,128,4,0.82,0.451572060585022,0.019439447671175003,0.12796252965927124,2.32,222
jm1,0,3000,0.0,bh,64,8,0.818,0.45428240299224854,0.016239330172538757,0.10039672255516052,2.2,439
jm1,1,3000,0.0,vanilla,0,0,0.826,0.4062121510505676,0.0,0.0,0.0,3000
jm1,1,3000,0.0,exact,0,0,0.826,0.4062121510505676,2.0244344511866075e-07,2.086162567138672e-06,1.77,3000
jm1,1,3000,0.0,isab_random,32,4,0.826,0.45276883244514465,0.05477062985301018,0.4649784564971924,0.89,32
jm1,1,3000,0.0,isab_kmeans,32,4,0.832,0.4290463626384735,0.03696781024336815,0.1804601103067398,0.97,32
jm1,1,3000,0.0,bh,32,4,0.83,0.3978322148323059,0.04178629815578461,0.27735182642936707,2.27,407
jm1,1,3000,0.0,isab_random,64,4,0.832,0.4233713448047638,0.035122234374284744,0.2589094638824463,0.93,64
jm1,1,3000,0.0,isab_kmeans,64,4,0.834,0.4245547950267792,0.03257611393928528,0.2241618037223816,0.97,64
jm1,1,3000,0.0,bh,64,4,0.828,0.40234678983688354,0.0361485593020916,0.3354276716709137,2.33,252
jm1,1,3000,0.0,isab_random,128,4,0.832,0.42544856667518616,0.03245934471487999,0.21441607177257538,1.32,128
jm1,1,3000,0.0,isab_kmeans,128,4,0.838,0.42104625701904297,0.03268133103847504,0.22784680128097534,1.04,128
jm1,1,3000,0.0,bh,128,4,0.828,0.40661317110061646,0.022733015939593315,0.2580285966396332,2.38,222
jm1,1,3000,0.0,bh,64,8,0.836,0.3976542353630066,0.020385386422276497,0.18162497878074646,2.31,439
kr-vs-kp,0,2696,0.0,vanilla,0,0,0.992,0.024580208584666252,0.0,0.0,0.0,2696
kr-vs-kp,0,2696,0.0,exact,0,0,0.992,0.02458033338189125,3.518856033224438e-07,8.463859558105469e-06,1.92,2696
kr-vs-kp,0,2696,0.0,isab_random,32,4,0.714,0.8210935592651367,0.34872081875801086,0.9928748607635498,1.17,32
kr-vs-kp,0,2696,0.0,isab_kmeans,32,4,0.918,0.46006250381469727,0.3449714779853821,0.5961295366287231,1.28,32
kr-vs-kp,0,2696,0.0,bh,32,4,0.99,0.023725496605038643,0.010823986493051052,0.4117220640182495,2.38,369
kr-vs-kp,0,2696,0.0,isab_random,64,4,0.878,0.2711617648601532,0.1802377849817276,0.8628844618797302,1.17,64
kr-vs-kp,0,2696,0.0,isab_kmeans,64,4,0.946,0.3773139715194702,0.2879941463470459,0.6059327125549316,1.29,64
kr-vs-kp,0,2696,0.0,bh,64,4,0.984,0.04445812478661537,0.021499572321772575,0.7241595983505249,2.35,232
kr-vs-kp,0,2696,0.0,isab_random,128,4,0.95,0.21479061245918274,0.15593238174915314,0.7576916217803955,1.19,128
kr-vs-kp,0,2696,0.0,isab_kmeans,128,4,0.948,0.3462555408477783,0.2647324800491333,0.5934514403343201,1.37,128
kr-vs-kp,0,2696,0.0,bh,128,4,0.994,0.02305985987186432,0.01040102168917656,0.24356085062026978,2.47,212
kr-vs-kp,0,2696,0.0,bh,64,8,0.992,0.025447819381952286,0.01286613754928112,0.4416290819644928,2.37,401
kr-vs-kp,1,2696,0.0,vanilla,0,0,0.998,0.016042398288846016,0.0,0.0,0.0,2696
kr-vs-kp,1,2696,0.0,exact,0,0,0.998,0.016042592003941536,3.9194767964545463e-07,1.627206802368164e-05,1.95,2696
kr-vs-kp,1,2696,0.0,isab_random,32,4,0.806,0.4043978452682495,0.27521950006484985,0.8716539740562439,1.32,32
kr-vs-kp,1,2696,0.0,isab_kmeans,32,4,0.91,0.4942281246185303,0.36980491876602173,0.5962421298027039,1.32,32
kr-vs-kp,1,2696,0.0,bh,32,4,0.974,0.05032435804605484,0.026200491935014725,0.639111340045929,2.44,369
kr-vs-kp,1,2696,0.0,isab_random,64,4,0.87,0.3156658709049225,0.21903246641159058,0.9047881364822388,1.31,64
kr-vs-kp,1,2696,0.0,isab_kmeans,64,4,0.944,0.42367589473724365,0.3227170705795288,0.5587239265441895,1.29,64
kr-vs-kp,1,2696,0.0,bh,64,4,0.982,0.05432680994272232,0.030066778883337975,0.6372210383415222,2.48,232
kr-vs-kp,1,2696,0.0,isab_random,128,4,0.942,0.34611859917640686,0.2662997841835022,0.6368001699447632,1.45,128
kr-vs-kp,1,2696,0.0,isab_kmeans,128,4,0.948,0.42284533381462097,0.3226114809513092,0.5353221893310547,1.47,128
kr-vs-kp,1,2696,0.0,bh,128,4,0.99,0.025356337428092957,0.013751338236033916,0.5751662850379944,2.54,212
kr-vs-kp,1,2696,0.0,bh,64,8,0.994,0.03687572106719017,0.021074792370200157,0.6121349930763245,2.48,401
