dataset,seed,train_size,variant,fidelity,agreement,acc,van_acc,acc_delta_pp
adult,0,600,anchor,,1.0,0.725,0.725,0.0
adult,0,600,barnes_hut,,1.0,0.725,0.725,0.0
adult,1,600,anchor,,1.0,0.68,0.68,0.0
adult,1,600,barnes_hut,,1.0,0.68,0.68,0.0
bank-marketing,0,600,anchor,0.0961,0.95,0.9,0.87,3.0
bank-marketing,0,600,barnes_hut,0.0852,0.955,0.895,0.87,2.5
bank-marketing,1,600,anchor,0.1033,1.0,0.9,0.9,0.0
bank-marketing,1,600,barnes_hut,0.0459,1.0,0.9,0.9,0.0
electricity,0,600,anchor,0.1377,0.84,0.74,0.77,-3.0
electricity,0,600,barnes_hut,0.0737,0.88,0.71,0.77,-6.0
electricity,1,600,anchor,0.1261,0.92,0.76,0.8,-4.0
electricity,1,600,barnes_hut,0.0814,0.93,0.8,0.8,0.0
MagicTelescope,0,600,anchor,0.2473,0.82,0.74,0.84,-10.0
MagicTelescope,0,600,barnes_hut,0.1213,0.875,0.775,0.84,-6.5
MagicTelescope,1,600,anchor,0.2103,0.81,0.73,0.87,-14.0
MagicTelescope,1,600,barnes_hut,0.0995,0.94,0.84,0.87,-3.0
pendigits,0,600,anchor,0.109,0.58,0.575,0.845,-27.0
pendigits,0,600,barnes_hut,0.0211,0.91,0.805,0.845,-4.0
pendigits,1,600,anchor,0.1053,0.655,0.625,0.87,-24.5
pendigits,1,600,barnes_hut,0.0213,0.875,0.84,0.87,-3.0
phoneme,0,600,anchor,0.1484,0.86,0.845,0.875,-3.0
phoneme,0,600,barnes_hut,0.0449,0.975,0.86,0.875,-1.5
phoneme,1,600,anchor,0.1179,0.83,0.78,0.84,-6.0
phoneme,1,600,barnes_hut,0.0309,0.98,0.83,0.84,-1.0
spambase,0,600,anchor,0.0735,0.945,0.9,0.925,-2.5
spambase,0,600,barnes_hut,0.0535,0.96,0.925,0.925,0.0
spambase,1,600,anchor,0.0687,0.97,0.945,0.955,-1.0
spambase,1,600,barnes_hut,0.0444,0.99,0.945,0.955,-1.0
satimage,0,600,anchor,0.0401,0.91,0.89,0.875,1.5
satimage,0,600,barnes_hut,0.0259,0.925,0.87,0.875,-0.5
satimage,1,600,anchor,0.0284,0.935,0.87,0.91,-4.0
satimage,1,600,barnes_hut,0.0195,0.96,0.89,0.91,-2.0
jm1,0,600,anchor,,1.0,0.81,0.81,0.0
jm1,0,600,barnes_hut,,1.0,0.81,0.81,0.0
jm1,1,600,anchor,,1.0,0.815,0.815,0.0
jm1,1,600,barnes_hut,,1.0,0.815,0.815,0.0
kr-vs-kp,0,600,anchor,0.0766,0.97,0.955,0.985,-3.0
kr-vs-kp,0,600,barnes_hut,0.0162,0.985,0.98,0.985,-0.5
kr-vs-kp,1,600,anchor,0.0906,0.975,0.965,0.98,-1.5
kr-vs-kp,1,600,barnes_hut,0.0177,0.985,0.965,0.98,-1.5
